<?xml version="1.0" encoding="UTF-8"?>
<!DOCTYPE fontscolors PUBLIC "-//NetBeans//DTD Editor Fonts and Colors settings 1.1//EN" "http://www.netbeans.org/dtds/EditorFontsColors-1_1.dtd">
<fontscolors>
    <fontcolor name="mod-method"/>
    <fontcolor name="mod-private"/>
    <fontcolor name="mod-protected"/>
    <fontcolor default="character" name="CharacterLiteral"/>
    <fontcolor name="mod-deprecated" strikeThrough="darkGray"/>
    <fontcolor name="mod-declaration">
        <font style="bold"/>
    </fontcolor>
    <fontcolor default="comment" name="LineComment"/>
    <fontcolor default="error" name="errors"/>
    <fontcolor foreColor="ff098618" name="CLASS_VAR">
        <font style="bold+italic"/>
    </fontcolor>
    <fontcolor default="identifier" name="Identifier"/>
    <fontcolor default="comment" name="BlockComment"/>
    <fontcolor default="field" name="INSTANCE_VAR"/>
    <fontcolor name="mod-local-variable"/>
    <fontcolor name="mod-package-private"/>
    <fontcolor name="mod-parameter"/>
    <fontcolor default="comment" name="left-curly"/>
    <fontcolor default="whitespace" name="whitespace"/>
    <fontcolor foreColor="ff2e92c7" name="xml"/>
    <fontcolor default="number" name="number"/>
    <fontcolor name="mod-static">
        <font style="bold+italic"/>
    </fontcolor>
    <fontcolor foreColor="ff9933cc" name="mod-regexp"/>
    <fontcolor name="mod-global">
        <font style="italic"/>
    </fontcolor>
    <fontcolor name="mod-class"/>
    <fontcolor default="comment" name="mod-custom1"/>
    <fontcolor name="mod-custom2" underline="black"/>
    <fontcolor default="comment" name="comment"/>
    <fontcolor default="identifier" name="identifier"/>
    <fontcolor default="separator" name="separator"/>
    <fontcolor default="keyword" name="Keyword"/>
    <fontcolor foreColor="ff2e92c7" name="TYPE_SYMBOL"/>
    <fontcolor name="mod-annotation-type"/>
    <fontcolor default="whitespace" name="Ws"/>
    <fontcolor default="comment" name="mod-interface"/>
    <fontcolor default="char" foreColor="ff9999ff" name="character"/>
    <fontcolor foreColor="orange" name="mark-occurrences"/>
    <fontcolor foreColor="orange" name="TODO">
        <font style="bold"/>
    </fontcolor>
    <fontcolor name="mod-abstract">
        <font style="italic"/>
    </fontcolor>
    <fontcolor name="mod-field"/>
    <fontcolor default="string" name="QUOTED_STRING_LITERAL"/>
    <fontcolor default="comment" name="CommentTag">
        <font style="bold"/>
    </fontcolor>
    <fontcolor name="mod-public" underline="black"/>
    <fontcolor default="string" name="StringLiteral"/>
    <fontcolor name="mod-constructor">
        <font style="bold"/>
    </fontcolor>
    <fontcolor default="keyword" name="keyword-directive"/>
    <fontcolor default="keyword" name="keyword"/>
    <fontcolor foreColor="ff33cc00" name="REGEXP_LITERAL"/>
    <fontcolor default="comment" name="right-curly"/>
    <fontcolor default="identifier" name="SymbolLiteral"/>
    <fontcolor default="number" name="FloatingPointLiteral"/>
    <fontcolor default="operator" name="operator"/>
    <fontcolor default="error" name="Error"/>
    <fontcolor foreColor="black" name="CONSTANT">
        <font style="italic"/>
    </fontcolor>
    <fontcolor name="mod-unused" waveUnderlined="ff999999"/>
    <fontcolor default="comment" name="html-tag">
        <font style="bold"/>
    </fontcolor>
    <fontcolor default="comment" name="DocComment"/>
    <fontcolor default="number" name="IntegerLiteral"/>
    <fontcolor default="string" name="string"/>
    <fontcolor default="number" name="DoubleLiteral"/>
    <fontcolor foreColor="black" name="GLOBAL_VAR">
        <font style="italic"/>
    </fontcolor>
    <fontcolor default="keyword" name="literal"/>
</fontscolors>
