<?xml version="1.0" encoding="UTF-8"?>
<!DOCTYPE fontscolors PUBLIC "-//NetBeans//DTD Editor Fonts and Colors settings 1.1//EN" "http://www.netbeans.org/dtds/EditorFontsColors-1_1.dtd">
<fontscolors>
    <fontcolor name="error" waveUnderlined="red"/>
    <fontcolor foreColor="green" name="char"/>
    <fontcolor foreColor="white" name="keyword"/>
    <fontcolor bgColor="black" foreColor="black" name="whitespace" waveUnderlined="darkGray"/>
    <fontcolor default="keyword" name="markup-element"/>
    <fontcolor foreColor="ff33cc00" name="number"/>
    <fontcolor name="operator"/>
    <fontcolor name="url" underline="yellow"/>
    <fontcolor default="identifier" foreColor="white" name="field"/>
    <fontcolor bgColor="black" foreColor="ffcccccc" name="default">
        <font name="Monaco" size="10"/>
    </fontcolor>
    <fontcolor foreColor="ff33cc00" name="string"/>
    <fontcolor default="default" name="entity-reference">
        <font style="bold"/>
    </fontcolor>
    <fontcolor default="string" name="markup-attribute-value"/>
    <fontcolor default="identifier" foreColor="white" name="method"/>
    <fontcolor foreColor="lightGray" name="comment"/>
    <fontcolor name="identifier"/>
    <fontcolor name="warning" waveUnderlined="yellow"/>
    <fontcolor name="separator"/>
    <fontcolor default="field" name="markup-attribute"/>
</fontscolors>
